medicine,target,12,12/05/18,medicine
mobile,walmart,13,12/05/18,mobile
Apparels,cvs,14,12/05/18,Apparels
jenes,target,12,12/05/18,jenes
medicine,walmart,13,12/05/18,medicine
mobile,cvs,14,12/05/18,mobile
Apparels,target,12,12/05/18,Apparels
jenes,walmart,13,12/05/18,jenes
medicine,cvs,14,12/05/18,medicine
medicine,target,12,12/05/18,medicine
mobile,walmart,13,12/05/18,mobile
Apparels,cvs,14,12/05/18,Apparels
jenes,target,12,12/05/18,jenes
medicine,walmart,13,12/05/18,medicine
mobile,cvs,14,12/05/18,mobile
medicine,target,12,12/05/18,medicine
mobile,walmart,13,12/05/18,mobile
Apparels,cvs,14,12/05/18,Apparels
jenes,target,12,12/05/18,jenes
medicine,walmart,13,12/05/18,medicine
mobile,cvs,14,12/05/18,mobile
medicine,target,12,12/05/18,medicine
mobile,walmart,13,12/05/18,mobile
Apparels,cvs,14,12/05/18,Apparels
jenes,target,12,12/05/18,jenes
medicine,walmart,13,12/05/18,medicine
mobile,cvs,14,12/05/18,mobile
Apparels,target,12,12/05/18,Apparels
medicine,walmart,13,12/05/18,medicine
mobile,cvs,14,12/05/18,mobile
Apparels,target,12,12/05/18,Apparels
jenes,walmart,13,12/05/18,jenes
medicine,cvs,14,12/05/18,medicine
mobile,target,12,12/05/18,mobile
Apparels,walmart,13,12/05/18,Apparels
medicine,cvs,14,12/05/18,medicine
mobile,target,12,12/05/18,mobile
Apparels,walmart,13,12/05/18,Apparels
jenes,cvs,14,12/05/18,jenes
medicine,target,12,12/05/18,medicine
mobile,walmart,13,12/05/18,mobile
Apparels,cvs,14,12/05/18,Apparels
medicine,target,12,12/05/18,medicine
mobile,walmart,13,12/05/18,mobile
Apparels,cvs,14,12/05/18,Apparels
jenes,target,12,12/05/18,jenes
medicine,walmart,13,12/05/18,medicine
medicine,cvs,14,12/05/18,medicine
mobile,target,12,12/05/18,mobile
Apparels,walmart,13,12/05/18,Apparels
jenes,cvs,14,12/05/18,jenes
medicine,target,12,12/05/18,medicine
mobile,walmart,13,12/05/18,mobile
Apparels,cvs,14,12/05/18,Apparels
jenes,target,12,12/05/18,jenes
medicine,walmart,13,12/05/18,medicine
medicine,cvs,14,12/05/18,medicine
mobile,target,12,12/05/18,mobile
Apparels,walmart,13,12/05/18,Apparels
jenes,cvs,14,12/05/18,jenes
medicine,target,12,12/05/18,medicine
mobile,walmart,13,12/05/18,mobile
Apparels,cvs,14,12/05/18,Apparels
jenes,target,12,12/05/18,jenes
medicine,walmart,13,12/05/18,medicine
mobile,cvs,14,12/05/18,mobile
Apparels,target,12,12/05/18,Apparels
jenes,walmart,13,12/05/18,jenes
medicine,cvs,14,12/05/18,medicine
mobile,target,12,12/05/18,mobile
Apparels,walmart,13,12/05/18,Apparels
jenes,cvs,14,12/05/18,jenes
medicine,target,12,12/05/18,medicine
mobile,walmart,13,12/05/18,mobile
Apparels,cvs,14,12/05/18,Apparels
jenes,target,12,12/05/18,jenes
medicine,walmart,13,12/05/18,medicine
mobile,cvs,14,12/05/18,mobile
Apparels,target,12,12/05/18,Apparels
jenes,walmart,13,12/05/18,jenes
medicine,cvs,14,12/05/18,medicine
mobile,target,12,12/05/18,mobile
Apparels,walmart,13,12/05/18,Apparels
jenes,cvs,14,12/05/18,jenes
medicine,target,12,12/05/18,medicine
mobile,walmart,13,12/05/18,mobile
Apparels,cvs,14,12/05/18,Apparels
jenes,target,12,12/05/18,jenes
medicine,walmart,13,12/05/18,medicine
mobile,cvs,14,12/05/18,mobile
Apparels,target,12,12/05/18,Apparels
jenes,walmart,13,12/05/18,jenes
medicine,cvs,14,12/05/18,medicine
mobile,target,12,12/05/18,mobile
Apparels,walmart,13,12/05/18,Apparels
jenes,cvs,14,12/05/18,jenes
medicine,target,12,12/05/18,medicine
mobile,walmart,13,12/05/18,mobile
Apparels,cvs,14,12/05/18,Apparels
jenes,target,12,12/05/18,jenes
